Value,Count
0,9644162.00000000000
1,5896954.00000000000
